"Mary.Adam@dlg.wa.gov.au" <Mary.Adam@dlg.wa.gov.au>,
"peter.add08@gmail.com" <peter.add08@gmail.com>,
"magostino@mcgrathnicol.com" <magostino@mcgrathnicol.com>,
"kelly.alexander@ccc.wa.gov.au" <kelly.alexander@ccc.wa.gov.au>,
"jg_allen@me.com" <jg_allen@me.com>,
"David.Allen@ccc.wa.gov.au" <David.Allen@ccc.wa.gov.au>,
"murray.allen@justice.wa.gov.au" <murray.allen@justice.wa.gov.au>,
"SArdagh@aicd.com.au" <SArdagh@aicd.com.au>,
"ben.arnold@bhpbilliton.com" <ben.arnold@bhpbilliton.com>,
"annaucamp@icloud.com" <annaucamp@icloud.com>,
"leith.ayres@minterellison.com" <leith.ayres@minterellison.com>,
"jarrod.baker@fticonsulting.com" <jarrod.baker@fticonsulting.com>,
"phil.barden@ccc.wa.gov.au" <phil.barden@ccc.wa.gov.au>,
"dale.bell@police.wa.gov.au" <dale.bell@police.wa.gov.au>,
"Gberson@claytonutz.com" <Gberson@claytonutz.com>,
"kobusbeukes@deloitte.com.au" <kobusbeukes@deloitte.com.au>,
"stephen.bird@total.com" <stephen.bird@total.com>,
"dom.blackshaw@police.wa.gov.au" <dom.blackshaw@police.wa.gov.au>,
"gblanc@greenlegal.com.au" <gblanc@greenlegal.com.au>,
"Philip.Blaxill@allens.com.au" <Philip.Blaxill@allens.com.au>,
"sven.bluemmel@foi.wa.gov.au" <sven.bluemmel@foi.wa.gov.au>,
"Maxboronovskis@hotmao.com" <Maxboronovskis@hotmao.com>,
"sandraboulter@westnet.com.au" <sandraboulter@westnet.com.au>,
"luke.breedon@psc.wa.gov.au" <luke.breedon@psc.wa.gov.au>,
"graeme.bride@canning.wa.gov.au" <graeme.bride@canning.wa.gov.au>,
"natalie.brown@woodside.com.au" <natalie.brown@woodside.com.au>,
"carl.brucciani@rac.com.au" <carl.brucciani@rac.com.au>,
"Natalie.burgin@bankwest.com.au" <Natalie.burgin@bankwest.com.au>,
"Alan.Byrne@lotterywest.wa.gov.au" <Alan.Byrne@lotterywest.wa.gov.au>,
"Jamie.cann@iluka.com" <Jamie.cann@iluka.com>,
"gracath.castlehow@bigpond.com" <gracath.castlehow@bigpond.com>,
"vics.cheng@gmail.com" <vics.cheng@gmail.com>,
"mikechin1602@hotmail.com" <mikechin1602@hotmail.com>,
"tricia.clarke@GRCSolutions.net.au" <tricia.clarke@grcsolutions.net.au>,
"Natalie.CLODE@suncorp.com.au" <Natalie.CLODE@suncorp.com.au>,
"kylie.coulson@gmail.com" <kylie.coulson@gmail.com>,
"rick.crabb@paladinenergy.com.au" <rick.crabb@paladinenergy.com.au>,
"tcrabb@claytonutz.com" <tcrabb@claytonutz.com>,
"andrew.crean@dlapiper.com" <andrew.crean@dlapiper.com>,
"j.crews@ecu.edu.au" <j.crews@ecu.edu.au>,
"George.Croft@jws.com.au" <George.Croft@jws.com.au>,
"christine4canning@iinet.net.au" <christine4canning@iinet.net.au>,
"robyn.daniels@health.wa.gov.au" <robyn.daniels@health.wa.gov.au>,
"mark.darian-smith@au.kwm.com" <mark.darian-smith@au.kwm.com>,
"pdavidson@apijv.com.au" <pdavidson@apijv.com.au>,
"smdavies@francisburt.com.au" <smdavies@francisburt.com.au>,
"bdellabosca@kpmg.com.au" <bdellabosca@kpmg.com.au>,
"tara.dennis@calibreglobal.com.au" <tara.dennis@calibreglobal.com.au>,
"constancedewan@yahoo.com" <constancedewan@yahoo.com>,
"skd@17francisburt.com" <skd@17francisburt.com>,
"l.dobbrick@howden.com.au" <l.dobbrick@howden.com.au>,
"graeme.douglas@capricorn.coop" <graeme.douglas@capricorn.coop>,
"kathleen.drown@lawinorder.com.au" <kathleen.drown@lawinorder.com.au>,
"Yvonne.Ducey@capricorn.coop" <Yvonne.Ducey@capricorn.coop>,
"michael.dulaney@jws.com.au" <michael.dulaney@jws.com.au>,
"elgs@upnaway.com" <elgs@upnaway.com>,
"pjfacey@gmail.com" <pjfacey@gmail.com>,
"michael.ferguson@squiresanders.com" <michael.ferguson@squiresanders.com>,
"Helen.Fernihough@riotinto.com" <Helen.Fernihough@riotinto.com>,
"karen.francis@nortonrose.com" <karen.francis@nortonrose.com>,
"morven.galbraith@ccc.wa.gov.au" <morven.galbraith@ccc.wa.gov.au>,
"sgallo@kpmg.com.au" <sgallo@kpmg.com.au>,
"kearns.gangin@police.wa.gov.au" <kearns.gangin@police.wa.gov.au>,
"laura.gartry@abc.net.au" <laura.gartry@abc.net.au>,
"courtney.gibson@au.gt.com" <courtney.gibson@au.gt.com>,
"joel.gilman@stateheritage.wa.gov.au" <joel.gilman@stateheritage.wa.gov.au>,
"Lauretta.Giust@south32.net" <Lauretta.Giust@south32.net>,
"peteregodwin@yahoo.com" <peteregodwin@yahoo.com>,
"peterg@intierra.com" <peterg@intierra.com>,
"leigh.grant@CSAust.com" <leigh.grant@csaust.com>,
"jemma@jemmagreen.com.au" <jemma@jemmagreen.com.au>,
"jon.greenaway@woodside.com.au" <jon.greenaway@woodside.com.au>,
"bianca.gregory@dmp.wa.gov.au" <bianca.gregory@dmp.wa.gov.au>,
"kendra.hagan@cpsucsa.org" <kendra.hagan@cpsucsa.org>,
"mike.hales@minterellison.com" <mike.hales@minterellison.com>,
"ninahall.discovery@gmail.com" <ninahall.discovery@gmail.com>,
"hanno@ozemail.com.au" <hanno@ozemail.com.au>,
"dion.harrington@riotinto.com" <dion.harrington@riotinto.com>,
"sarah.harrison@au.kwm.com" <sarah.harrison@au.kwm.com>,
"clive.hart@draglobal.com" <clive.hart@draglobal.com>,
"RHayers@globalskm.com" <RHayers@globalskm.com>,
"rowan.hethey@abs.gov.au" <rowan.hethey@abs.gov.au>,
"jenni.hill@cliffordchance.com" <jenni.hill@cliffordchance.com>,
"debbie.hills@ccc.wa.gov.au" <debbie.hills@ccc.wa.gov.au>,
"trevorhislop@gmail.com" <trevorhislop@gmail.com>,
"A.Hoath@exchange.curtin.edu.au" <A.Hoath@exchange.curtin.edu.au>,
"jholan@kpmg.com.au" <jholan@kpmg.com.au>,
"pholmes@deloitte.com.au" <pholmes@deloitte.com.au>,
"j.howell@uws.edu.au" <j.howell@uws.edu.au>,
"howes@wn.com.au" <howes@wn.com.au>,
"Paul.humphries@woodside.com.au" <Paul.humphries@woodside.com.au>,
"colin.hush@police.wa.gov.au" <colin.hush@police.wa.gov.au>,
"john_hyde52@hotmail.com" <john_hyde52@hotmail.com>,
"siac@chevron.com" <siac@chevron.com>,
"kazuhisa.ikeuchi@inpex.com.au" <kazuhisa.ikeuchi@inpex.com.au>,
"stephen.insch@south32.net" <stephen.insch@south32.net>,
"rob.jamieson@au.pwc.com" <rob.jamieson@au.pwc.com>,
"melanie.jasper@riotinto.com" <melanie.jasper@riotinto.com>,
"anna.erica.johnson@gmail.com" <anna.erica.johnson@gmail.com>,
"a.johnson@sso.wa.gov.au" <a.johnson@sso.wa.gov.au>,
"brad.jolly@dlgc.wa.gov.au" <brad.jolly@dlgc.wa.gov.au>,
"kelli.kachur@nortonrose.com" <kelli.kachur@nortonrose.com>,
"nicholas.kazaz@hfw.com" <nicholas.kazaz@hfw.com>,
"owen.kelly@correctiveservices.wa.gov.au" <owen.kelly@correctiveservices.wa.gov.au>,
"matthew.keogh@hsf.com" <matthew.keogh@hsf.com>,
"kurtkozyrski@hotmail.com" <kurtkozyrski@hotmail.com>,
"kirsten.kyngdon@shell.com" <kirsten.kyngdon@shell.com>,
"mareelaffan@hotmail.com" <mareelaffan@hotmail.com>,
"nlandis@francisburt.com.au" <nlandis@francisburt.com.au>,
"helen.langley@uwa.edu.au" <helen.langley@uwa.edu.au>,
"alee21827@gmail.com" <alee21827@gmail.com>,
"Andrew.Lee@transport.wa.gov.au" <Andrew.Lee@transport.wa.gov.au>,
"philippaleggat@parkerresources.com.au" <philippaleggat@parkerresources.com.au>,
"contact@byronlevene.net" <contact@byronlevene.net>,
"richard.lilly@jws.com.au" <richard.lilly@jws.com.au>,
"sclloyd@iinet.net.au" <sclloyd@iinet.net.au>,
"su.lloyd@foi.wa.gov.au" <su.lloyd@foi.wa.gov.au>,
"michael.lundberg@mallesons.com" <michael.lundberg@mallesons.com>,
"socialsustainability@bigpond.com" <socialsustainability@bigpond.com>,
"garynmack@hotmail.com" <garynmack@hotmail.com>,
"elizabeth.macknay@hsf.com" <elizabeth.macknay@hsf.com>,
"cmarais@huntandhumphry.com.au" <cmarais@huntandhumphry.com.au>,
"rmaria@rcflp.com" <rmaria@rcflp.com>,
"Chris.Marshall@perilya.com.au" <Chris.Marshall@perilya.com.au>,
"gmarshall@globalskm.com" <gmarshall@globalskm.com>,
"Roger.Martin@woodside.com.au" <Roger.Martin@woodside.com.au>,
"Mmaxwell@claytonutz.com" <Mmaxwell@claytonutz.com>,
"lisa.mcgrath@iluka.com" <lisa.mcgrath@iluka.com>,
"Marshall.McKenna@allens.com.au" <Marshall.McKenna@allens.com.au>,
"Tmothym@oxfam.org.au" <Tmothym@oxfam.org.au>,
"fiona.mcneilly@kbr.com" <fiona.mcneilly@kbr.com>,
"rebecca.mcnicol@woodside.com.au" <rebecca.mcnicol@woodside.com.au>,
"shaun.mcrobert@au.kwm.com" <shaun.mcrobert@au.kwm.com>,
"scott.meacock@squirepb.com" <scott.meacock@squirepb.com>,
"Bruce.Meredith@icwalaw.wa.gov.au" <Bruce.Meredith@icwalaw.wa.gov.au>,
"s.millett@exchange.curtin.edu.au" <s.millett@exchange.curtin.edu.au>,
"smilligan1@kpmg.com.au" <smilligan1@kpmg.com.au>,
"jim.moran@hyspec.com" <jim.moran@hyspec.com>,
"keithamoss@gmai.com" <keithamoss@gmai.com>,
"nmubyana@kpmg.com.au" <nmubyana@kpmg.com.au>,
"ben.murphy@pnbank.com.au" <ben.murphy@pnbank.com.au>,
"maxine.murray@iinet.net.au" <maxine.murray@iinet.net.au>,
"mwilaleo@yahoo.com.au" <mwilaleo@yahoo.com.au>,
"jann@flightworld.com.au" <jann@flightworld.com.au>,
"mjnowak@bigpond.com" <mjnowak@bigpond.com>,
"jim.nylander@aamig.com" <jim.nylander@aamig.com>,
"noehme@mcgrathnicol.com" <noehme@mcgrathnicol.com>,
"toffor@paxpopulus.com" <toffor@paxpopulus.com>,
"sam.peace@hsf.com" <sam.peace@hsf.com>,
"Kate.Pejkova@pnbank.com.au" <Kate.Pejkova@pnbank.com.au>,
"Amanda.Perkins@paladinenergy.com.au" <Amanda.Perkins@paladinenergy.com.au>,
"frank.perrone@kbr.com" <frank.perrone@kbr.com>,
"helenpitt66@bigpond.com" <helenpitt66@bigpond.com>,
"clare.pope@squirepb.com" <clare.pope@squirepb.com>,
"chris.porteous@westernpower.com.au" <chris.porteous@westernpower.com.au>,
"steve.potter@police.wa.gov.au" <steve.potter@police.wa.gov.au>,
"tyrone.prinsloo@bhpbilliton.com" <tyrone.prinsloo@bhpbilliton.com>,
"steve.pyle@woodside.com.au" <steve.pyle@woodside.com.au>,
"jrails@iinet.net.au" <jrails@iinet.net.au>,
"raj.ratneser@clough.com.au" <raj.ratneser@clough.com.au>,
"jcwritchie@shaw.ca" <jcwritchie@shaw.ca>,
"Natalie.Rose@health.wa.gov.au" <Natalie.Rose@health.wa.gov.au>,
"glenn.ross@outlook.com" <glenn.ross@outlook.com>,
"lyn.russell@canning.wa.gov.au" <lyn.russell@canning.wa.gov.au>,
"srussell@francisburt.com.au" <srussell@francisburt.com.au>,
"gavin.ryan@au.pttep.com" <gavin.ryan@au.pttep.com>,
"mark.sansbury2@gmail.com" <mark.sansbury2@gmail.com>,
"paul.scalzi@commerce.wa.gov.au" <paul.scalzi@commerce.wa.gov.au>,
"kirsten.scott@cliffordchance.com" <kirsten.scott@cliffordchance.com>,
"Alyssa.Serafim@transport.wa.gov.au" <Alyssa.Serafim@transport.wa.gov.au>,
"mshanahan@mcgrathnicol.com" <mshanahan@mcgrathnicol.com>,
"Keri.Shannon@serco-ap.com.au" <Keri.Shannon@serco-ap.com.au>,
"Shayne.Sherman@health.wa.gov.au" <Shayne.Sherman@health.wa.gov.au>,
"asiddiqu@biz.uwa.edu.au" <asiddiqu@biz.uwa.edu.au>,
"Randall.Skinner@ccc.wa.gov.au" <Randall.Skinner@ccc.wa.gov.au>,
"mesparks@bigpond.com" <mesparks@bigpond.com>,
"meriel.steadman@nortonrosefulbright.com" <meriel.steadman@nortonrosefulbright.com>,
"jordonforbaldivis@gmail.com" <jordonforbaldivis@gmail.com>,
"brenton.steenkamp@au.ey.com" <brenton.steenkamp@au.ey.com>,
"familystephens@hotmail.com" <familystephens@hotmail.com>,
"kevin.stewart@minterellison.com" <kevin.stewart@minterellison.com>,
"Mstrohmeier@globalskm.com" <Mstrohmeier@globalskm.com>,
"Kirsty.Sutherland@corrs.com.au" <Kirsty.Sutherland@corrs.com.au>,
"swabygillian@gmail.com" <swabygillian@gmail.com>,
"Evan.Sylwestrzak@ashurst.com" <Evan.Sylwestrzak@ashurst.com>,
"Gae.Synnott@ccc.wa.gov.au" <Gae.Synnott@ccc.wa.gov.au>,
"margie.tannock@squirepb.com" <margie.tannock@squirepb.com>,
"paulinetarrant@gmail.com" <paulinetarrant@gmail.com>,
"sthorburn@deloitte.com.au" <sthorburn@deloitte.com.au>,
"bruce.towie@woodside.com.au" <bruce.towie@woodside.com.au>,
"bentravia@hotmail.com" <bentravia@hotmail.com>,
"tania.trengove@canning.wa.gov.au" <tania.trengove@canning.wa.gov.au>,
"michael@creativelegal.com.au" <michael@creativelegal.com.au>,
"Karl.tulloch@au.gt.com" <Karl.tulloch@au.gt.com>,
"bill.turner@aamig.com" <bill.turner@aamig.com>,
"cventer@barrick.com" <cventer@barrick.com>,
"rubini.ventouras@newmont.com" <rubini.ventouras@newmont.com>,
"charlotte.wallace@justice.wa.gov.au" <charlotte.wallace@justice.wa.gov.au>,
"stirling.triumphant@gmail.com" <stirling.triumphant@gmail.com>,
"Tony.Warwick@ccc.wa.gov.au" <Tony.Warwick@ccc.wa.gov.au>,
"watsontaylor95@gmail.com" <watsontaylor95@gmail.com>,
"andre@wheelermanagement.com.au" <andre@wheelermanagement.com.au>,
"MICHAEL.WHITE@woodside.com.au" <MICHAEL.WHITE@woodside.com.au>,
"bruce.whyatt@watc.wa.gov.au" <bruce.whyatt@watc.wa.gov.au>,
"lucas.wilk@ashurst.com" <lucas.wilk@ashurst.com>,
"pewi.peter@gmail.com" <pewi.peter@gmail.com>,
"Andrew.Williams@uwa.edu.au" <Andrew.Williams@uwa.edu.au>,
"j.wilson@murdoch.edu.au" <j.wilson@murdoch.edu.au>,
"alan.n.wolfe@gmail.com" <alan.n.wolfe@gmail.com>,
"Felicia.Wong@psc.wa.gov.au" <Felicia.Wong@psc.wa.gov.au>,
"x_closer@hotmail.com" <x_closer@hotmail.com>,
"bwong1@kpmg.com.au" <bwong1@kpmg.com.au>,
"wylie.lillian@gmail.com" <wylie.lillian@gmail.com>
